{
  "hybrid_test_metrics": {
    "Precision@5": 0.07976002407282028,
    "Precision@10": 0.06664409839765291,
    "Precision@20": 0.05445065071842324,
    "Recall@5": 0.03753035809164578,
    "Recall@10": 0.06254787843858006,
    "Recall@20": 0.101622844651121,
    "NDCG@5": 0.08597384296930484,
    "NDCG@10": 0.07992823080343495,
    "NDCG@20": 0.09163577699095447
  },
  "hybrid_cold_start_results": {
    "0.0": {
      "mean": 0.0793473475973953,
      "std": 0.11695702857149394
    },
    "0.5": {
      "mean": 0.06136592514099522,
      "std": 0.10565781677734055
    },
    "0.75": {
      "mean": 0.0549604234981706,
      "std": 0.090208722649798
    },
    "0.9": {
      "mean": 0.057904631096062344,
      "std": 0.0923437966951437
    }
  },
  "hybrid_config": {
    "optimal_alpha": 0.9,
    "fusion_type": "Multiplicative Penalty"
  }
}