{
  "hybrid_test_metrics": {
    "Precision@5": 0.07973369442563756,
    "Precision@10": 0.06681147972617167,
    "Precision@20": 0.05412247047318139,
    "Recall@5": 0.037516412349964084,
    "Recall@10": 0.062480101583162743,
    "Recall@20": 0.10055458721818311,
    "NDCG@5": 0.08626455591243216,
    "NDCG@10": 0.08017604094326108,
    "NDCG@20": 0.09132428035276677
  },
  "hybrid_cold_start_results": {
    "0.0": {
      "mean": 0.08284828462662372,
      "std": 0.12143133647433241
    },
    "0.5": {
      "mean": 0.06982369514065769,
      "std": 0.10868682734302543
    },
    "0.75": {
      "mean": 0.06111626669438013,
      "std": 0.10366299331351288
    },
    "0.9": {
      "mean": 0.0579042385142785,
      "std": 0.09879965500858047
    }
  },
  "hybrid_config": {
    "optimal_alpha": 0.9,
    "fusion_type": "Multiplicative Penalty"
  }
}