{
  "mlp_test_metrics": {
    "Precision@5": 0.08958850522831566,
    "Precision@10": 0.07326224328593997,
    "Precision@20": 0.058491311216429705,
    "Recall@5": 0.04206011399530134,
    "Recall@10": 0.06845528989291222,
    "Recall@20": 0.10853738270292418,
    "NDCG@5": 0.0964152309183216,
    "NDCG@10": 0.08838055487022722,
    "NDCG@20": 0.09966957190284309
  },
  "mlp_cold_start_results": {
    "0.0": {
      "mean": 0.07662559378434267,
      "std": 0.11549329025925195
    },
    "0.5": {
      "mean": 0.07189510576401398,
      "std": 0.1097031110820616
    },
    "0.75": {
      "mean": 0.06634587101014705,
      "std": 0.10246022749634048
    },
    "0.9": {
      "mean": 0.06010958485440737,
      "std": 0.1005338269182343
    }
  },
  "mlp_config": {
    "embed_dim": 64,
    "hidden_dims": [
      64,
      32
    ],
    "dropout": 0.3427,
    "lr": 0.0004937217575840522
  }
}