{
  "sasrec_test_metrics": {
    "Precision@5": 0.089844278943805,
    "Precision@10": 0.07283908824193183,
    "Precision@20": 0.05836624539231176,
    "Recall@5": 0.04252042648736837,
    "Recall@10": 0.06830172312497891,
    "Recall@20": 0.108831787665035,
    "NDCG@5": 0.09732102780560961,
    "NDCG@10": 0.08861766541845544,
    "NDCG@20": 0.10006647438213485
  },
  "sasrec_cold_start_results": {
    "0.0": {
      "mean": 0.08578094629296984,
      "std": 0.12591369987602205
    },
    "0.5": {
      "mean": 0.066372681439523,
      "std": 0.10396448626565344
    },
    "0.75": {
      "mean": 0.06530654424527299,
      "std": 0.09956832407411295
    },
    "0.9": {
      "mean": 0.05480706355602936,
      "std": 0.0884624870144066
    }
  },
  "sasrec_config": {
    "embed_dim": 64,
    "num_heads": 2,
    "num_layers": 2,
    "dropout": 0.3214,
    "max_seq_len": 20
  }
}